{
	"configs" : [
		{
			"remarks" : "剩余流量：96.13% 4.73GB",
			"id" : "C311816D9F86237CC85403428D0C8C5C",
			"server" : "www.google.com",
			"server_port" : 1,
			"server_udp_port" : 0,
			"password" : "breakwall",
			"method" : "chacha20",
			"protocol" : "auth_chain_a",
			"protocolparam" : "",
			"obfs" : "tls1.2_ticket_auth",
			"obfsparam" : "",
			"remarks_base64" : "5Ymp5L2Z5rWB6YeP77yaOTYuMTMlIDQuNzNHQg",
			"group" : "NJSSRHOST",
			"enable" : true,
			"udp_over_tcp" : false
		},
		{
			"remarks" : "过期时间：2019-05-18 22:40:14",
			"id" : "F6D622555CB507A3FE03FCE7525268AE",
			"server" : "www.google.com",
			"server_port" : 2,
			"server_udp_port" : 0,
			"password" : "breakwall",
			"method" : "chacha20",
			"protocol" : "auth_chain_a",
			"protocolparam" : "",
			"obfs" : "tls1.2_ticket_auth",
			"obfsparam" : "",
			"remarks_base64" : "6L-H5pyf5pe26Ze077yaMjAxOS0wNS0xOCAyMjo0MDoxNA",
			"group" : "NJSSRHOST",
			"enable" : true,
			"udp_over_tcp" : false
		},
		{
			"remarks" : "美国 A-CN2GIA-200Mbps-三网适用",
			"id" : "6771E7877E0C2AEB66169CBCA1222890",
			"server" : "213.190.20.131",
			"server_port" : 7640,
			"server_udp_port" : 0,
			"password" : "7l0vNP",
			"method" : "chacha20-ietf",
			"protocol" : "origin",
			"protocolparam" : "",
			"obfs" : "plain",
			"obfsparam" : "",
			"remarks_base64" : "576O5Zu9IEEtQ04yR0lBLTIwME1icHMt5LiJ572R6YCC55So",
			"group" : "NJSSRHOST",
			"enable" : true,
			"udp_over_tcp" : false
		},
		{
			"remarks" : "美国 D-AWS-1000Mbps-三网适用",
			"id" : "E8F55634C01764FE55A46DAEB88D79AE",
			"server" : "us2.swaws.xyz",
			"server_port" : 7640,
			"server_udp_port" : 0,
			"password" : "7l0vNP",
			"method" : "chacha20-ietf",
			"protocol" : "origin",
			"protocolparam" : "",
			"obfs" : "plain",
			"obfsparam" : "",
			"remarks_base64" : "576O5Zu9IEQtQVdTLTEwMDBNYnBzLeS4iee9kemAgueUqA",
			"group" : "NJSSRHOST",
			"enable" : true,
			"udp_over_tcp" : false
		},
		{
			"remarks" : "您的當前餘額：21.07元",
			"id" : "2F436884C0B1DB7EB8B6A6268EB8D0FE",
			"server" : "www.google.com",
			"server_port" : 1,
			"server_udp_port" : 0,
			"password" : "breakwall",
			"method" : "chacha20",
			"protocol" : "auth_chain_a",
			"protocolparam" : "",
			"obfs" : "tls1.2_ticket_auth",
			"obfsparam" : "",
			"remarks_base64" : "5oKo55qE55W25YmN6aSY6aGN77yaMjEuMDflhYM",
			"group" : "提莫加速器",
			"enable" : true,
			"udp_over_tcp" : false
		},
		{
			"remarks" : "❤️若人生只如初见❤️",
			"id" : "2B36583FFDB2B6802DE9926B135336E1",
			"server" : "www.google.com",
			"server_port" : 2,
			"server_udp_port" : 0,
			"password" : "breakwall",
			"method" : "chacha20",
			"protocol" : "auth_chain_a",
			"protocolparam" : "",
			"obfs" : "tls1.2_ticket_auth",
			"obfsparam" : "",
			"remarks_base64" : "4p2k77iP6Iul5Lq655Sf5Y-q5aaC5Yid6KeB4p2k77iP",
			"group" : "提莫加速器",
			"enable" : true,
			"udp_over_tcp" : false
		},
		{
			"remarks" : "0.20元/G丨台01丨免费用户",
			"id" : "48155520A96C14AA08C684BCFC062F7F",
			"server" : "tw1.mogu.icu",
			"server_port" : 666,
			"server_udp_port" : 0,
			"password" : "keADJG",
			"method" : "aes-256-cfb",
			"protocol" : "auth_aes128_md5",
			"protocolparam" : "10078:QxObSQ",
			"obfs" : "http_simple",
			"obfsparam" : "0420010078.download.windowsupdate.com",
			"remarks_base64" : "MC4yMOWFgy9H5Lio5Y-wMDHkuKjlhY3otLnnlKjmiLc",
			"group" : "提莫加速器",
			"enable" : true,
			"udp_over_tcp" : false
		},
		{
			"remarks" : "0.20元/G丨台03丨免费用户",
			"id" : "B1172D925F909161A6AC32E30DE7AA95",
			"server" : "tw3.mogu.icu",
			"server_port" : 666,
			"server_udp_port" : 0,
			"password" : "keADJG",
			"method" : "aes-256-cfb",
			"protocol" : "auth_aes128_md5",
			"protocolparam" : "10078:QxObSQ",
			"obfs" : "http_simple",
			"obfsparam" : "0420010078.download.windowsupdate.com",
			"remarks_base64" : "MC4yMOWFgy9H5Lio5Y-wMDPkuKjlhY3otLnnlKjmiLc",
			"group" : "提莫加速器",
			"enable" : true,
			"udp_over_tcp" : false
		},
		{
			"remarks" : "0.20元/G丨日01丨GMO❤️",
			"id" : "411F5C8CCDD2CB85F50DEC944CB6E964",
			"server" : "jp1.mogu.icu",
			"server_port" : 55245,
			"server_udp_port" : 0,
			"password" : "QxObSQ",
			"method" : "rc4-md5",
			"protocol" : "origin",
			"protocolparam" : "",
			"obfs" : "plain",
			"obfsparam" : "",
			"remarks_base64" : "MC4yMOWFgy9H5Lio5pelMDHkuKhHTU_inaTvuI8",
			"group" : "提莫加速器",
			"enable" : true,
			"udp_over_tcp" : false
		},
		{
			"remarks" : "0.10元/G丨台02丨特价节点",
			"id" : "C1ED26ED801C274D9E4487C876C8006F",
			"server" : "tw2.mogu.icu",
			"server_port" : 666,
			"server_udp_port" : 0,
			"password" : "keADJG",
			"method" : "aes-256-cfb",
			"protocol" : "auth_aes128_md5",
			"protocolparam" : "10078:QxObSQ",
			"obfs" : "http_simple",
			"obfsparam" : "0420010078.download.windowsupdate.com",
			"remarks_base64" : "MC4xMOWFgy9H5Lio5Y-wMDLkuKjnibnku7foioLngrk",
			"group" : "提莫加速器",
			"enable" : true,
			"udp_over_tcp" : false
		},
		{
			"remarks" : "0.10元/G丨美01丨CN2GIA",
			"id" : "8B6A2EABE4F25237C7F379425138B398",
			"server" : "us1.mogu.icu",
			"server_port" : 666,
			"server_udp_port" : 0,
			"password" : "keADJG",
			"method" : "aes-256-cfb",
			"protocol" : "auth_aes128_md5",
			"protocolparam" : "10078:QxObSQ",
			"obfs" : "http_simple",
			"obfsparam" : "0420010078.download.windowsupdate.com",
			"remarks_base64" : "MC4xMOWFgy9H5Lio576OMDHkuKhDTjJHSUE",
			"group" : "提莫加速器",
			"enable" : true,
			"udp_over_tcp" : false
		},
		{
			"remarks" : "0.10元/G丨美02丨CN2GIA",
			"id" : "0AEB46DD23FFC0DA9C1E1E48C319479D",
			"server" : "us2.mogu.icu",
			"server_port" : 666,
			"server_udp_port" : 0,
			"password" : "keADJG",
			"method" : "aes-256-cfb",
			"protocol" : "auth_aes128_md5",
			"protocolparam" : "10078:QxObSQ",
			"obfs" : "http_simple",
			"obfsparam" : "0420010078.download.windowsupdate.com",
			"remarks_base64" : "MC4xMOWFgy9H5Lio576OMDLkuKhDTjJHSUE",
			"group" : "提莫加速器",
			"enable" : true,
			"udp_over_tcp" : false
		},
		{
			"remarks" : "0.15元/G丨台04丨中华电信",
			"id" : "7902A0FEFA6771BD026D822917D50D58",
			"server" : "tw4.mogu.icu",
			"server_port" : 666,
			"server_udp_port" : 0,
			"password" : "keADJG",
			"method" : "aes-256-cfb",
			"protocol" : "auth_aes128_md5",
			"protocolparam" : "10078:QxObSQ",
			"obfs" : "http_simple",
			"obfsparam" : "0420010078.download.windowsupdate.com",
			"remarks_base64" : "MC4xNeWFgy9H5Lio5Y-wMDTkuKjkuK3ljY7nlLXkv6E",
			"group" : "提莫加速器",
			"enable" : true,
			"udp_over_tcp" : false
		},
		{
			"remarks" : "0.15元/G丨台05丨中华电信",
			"id" : "5F8359DFF1A7BA91A6719A3478AE6745",
			"server" : "tw5.mogu.icu",
			"server_port" : 666,
			"server_udp_port" : 0,
			"password" : "keADJG",
			"method" : "aes-256-cfb",
			"protocol" : "auth_aes128_md5",
			"protocolparam" : "10078:QxObSQ",
			"obfs" : "http_simple",
			"obfsparam" : "0420010078.download.windowsupdate.com",
			"remarks_base64" : "MC4xNeWFgy9H5Lio5Y-wMDXkuKjkuK3ljY7nlLXkv6E",
			"group" : "提莫加速器",
			"enable" : true,
			"udp_over_tcp" : false
		},
		{
			"remarks" : "0.15元/G丨台06丨中华电信",
			"id" : "5951A2852229E59558A65FE6858FFFCF",
			"server" : "tw6.mogu.icu",
			"server_port" : 666,
			"server_udp_port" : 0,
			"password" : "keADJG",
			"method" : "aes-256-cfb",
			"protocol" : "auth_aes128_md5",
			"protocolparam" : "10078:QxObSQ",
			"obfs" : "http_simple",
			"obfsparam" : "0420010078.download.windowsupdate.com",
			"remarks_base64" : "MC4xNeWFgy9H5Lio5Y-wMDbkuKjkuK3ljY7nlLXkv6E",
			"group" : "提莫加速器",
			"enable" : true,
			"udp_over_tcp" : false
		},
		{
			"remarks" : "0.15元/G丨港10丨香港电讯",
			"id" : "BB230B9152D026462A3B79F07C24E673",
			"server" : "hk10.mogu.icu",
			"server_port" : 666,
			"server_udp_port" : 0,
			"password" : "keADJG",
			"method" : "aes-256-cfb",
			"protocol" : "auth_aes128_md5",
			"protocolparam" : "10078:QxObSQ",
			"obfs" : "http_simple",
			"obfsparam" : "0420010078.download.windowsupdate.com",
			"remarks_base64" : "MC4xNeWFgy9H5Lio5rivMTDkuKjpppnmuK_nlLXorq8",
			"group" : "提莫加速器",
			"enable" : true,
			"udp_over_tcp" : false
		},
		{
			"remarks" : "0.15元/G丨港11丨香港电讯",
			"id" : "E0F9FBB86E9D98732ECB1A3B71F22ADB",
			"server" : "hk11.mogu.icu",
			"server_port" : 666,
			"server_udp_port" : 0,
			"password" : "keADJG",
			"method" : "aes-256-cfb",
			"protocol" : "auth_aes128_md5",
			"protocolparam" : "10078:QxObSQ",
			"obfs" : "http_simple",
			"obfsparam" : "0420010078.download.windowsupdate.com",
			"remarks_base64" : "MC4xNeWFgy9H5Lio5rivMTHkuKjpppnmuK_nlLXorq8",
			"group" : "提莫加速器",
			"enable" : true,
			"udp_over_tcp" : false
		},
		{
			"remarks" : "0.15元/G丨港12丨香港电讯",
			"id" : "3581F2555045BC7EE64212678090F72F",
			"server" : "hk12.mogu.icu",
			"server_port" : 666,
			"server_udp_port" : 0,
			"password" : "keADJG",
			"method" : "aes-256-cfb",
			"protocol" : "auth_aes128_md5",
			"protocolparam" : "10078:QxObSQ",
			"obfs" : "http_simple",
			"obfsparam" : "0420010078.download.windowsupdate.com",
			"remarks_base64" : "MC4xNeWFgy9H5Lio5rivMTLkuKjpppnmuK_nlLXorq8",
			"group" : "提莫加速器",
			"enable" : true,
			"udp_over_tcp" : false
		},
		{
			"remarks" : "0.20元/G丨新01丨微软节点",
			"id" : "96186984D51B596315F0B50AA927E592",
			"server" : "sg1.mogu.icu",
			"server_port" : 666,
			"server_udp_port" : 0,
			"password" : "keADJG",
			"method" : "aes-256-cfb",
			"protocol" : "auth_aes128_md5",
			"protocolparam" : "10078:QxObSQ",
			"obfs" : "http_simple",
			"obfsparam" : "0420010078.download.windowsupdate.com",
			"remarks_base64" : "MC4yMOWFgy9H5Lio5pawMDHkuKjlvq7ova_oioLngrk",
			"group" : "提莫加速器",
			"enable" : true,
			"udp_over_tcp" : false
		},
		{
			"remarks" : "0.20元/G丨日02丨微软节点",
			"id" : "F0A6A40A0822C3CD51D32FA33B968174",
			"server" : "jp2.mogu.icu",
			"server_port" : 666,
			"server_udp_port" : 0,
			"password" : "keADJG",
			"method" : "aes-256-cfb",
			"protocol" : "auth_aes128_md5",
			"protocolparam" : "10078:QxObSQ",
			"obfs" : "http_simple",
			"obfsparam" : "0420010078.download.windowsupdate.com",
			"remarks_base64" : "MC4yMOWFgy9H5Lio5pelMDLkuKjlvq7ova_oioLngrk",
			"group" : "提莫加速器",
			"enable" : true,
			"udp_over_tcp" : false
		},
		{
			"remarks" : "0.20元/G丨港07丨特价HKT",
			"id" : "B8B02A70E74228D05B9E4084B81B6179",
			"server" : "hk7.mogu.icu",
			"server_port" : 666,
			"server_udp_port" : 0,
			"password" : "keADJG",
			"method" : "aes-256-cfb",
			"protocol" : "auth_aes128_md5",
			"protocolparam" : "10078:QxObSQ",
			"obfs" : "http_simple",
			"obfsparam" : "0420010078.download.windowsupdate.com",
			"remarks_base64" : "MC4yMOWFgy9H5Lio5rivMDfkuKjnibnku7dIS1Q",
			"group" : "提莫加速器",
			"enable" : true,
			"udp_over_tcp" : false
		},
		{
			"remarks" : "0.20元/G丨港08丨特价PCCW",
			"id" : "ADB3245896F80B0D4253020E74F992FC",
			"server" : "hk8.mogu.icu",
			"server_port" : 666,
			"server_udp_port" : 0,
			"password" : "keADJG",
			"method" : "aes-256-cfb",
			"protocol" : "auth_aes128_md5",
			"protocolparam" : "10078:QxObSQ",
			"obfs" : "http_simple",
			"obfsparam" : "0420010078.download.windowsupdate.com",
			"remarks_base64" : "MC4yMOWFgy9H5Lio5rivMDjkuKjnibnku7dQQ0NX",
			"group" : "提莫加速器",
			"enable" : true,
			"udp_over_tcp" : false
		},
		{
			"remarks" : "0.20元/G丨港09丨中转PCCW ",
			"id" : "F8DE8A43434230A81444C8CCFDF502EA",
			"server" : "hk9.mogu.icu",
			"server_port" : 866,
			"server_udp_port" : 0,
			"password" : "keADJG",
			"method" : "aes-256-cfb",
			"protocol" : "auth_aes128_md5",
			"protocolparam" : "10078:QxObSQ",
			"obfs" : "http_simple",
			"obfsparam" : "0420010078.download.windowsupdate.com",
			"remarks_base64" : "MC4yMOWFgy9H5Lio5rivMDnkuKjkuK3ovaxQQ0NXIA",
			"group" : "提莫加速器",
			"enable" : true,
			"udp_over_tcp" : false
		},
		{
			"remarks" : "0.25元/G丨港01丨阿里节点",
			"id" : "968B4D197C0CFB940E9CC7B97F6CB46E",
			"server" : "hk1.mogu.icu",
			"server_port" : 666,
			"server_udp_port" : 0,
			"password" : "keADJG",
			"method" : "aes-256-cfb",
			"protocol" : "auth_aes128_md5",
			"protocolparam" : "10078:QxObSQ",
			"obfs" : "http_simple",
			"obfsparam" : "0420010078.download.windowsupdate.com",
			"remarks_base64" : "MC4yNeWFgy9H5Lio5rivMDHkuKjpmL_ph4zoioLngrk",
			"group" : "提莫加速器",
			"enable" : true,
			"udp_over_tcp" : false
		},
		{
			"remarks" : "0.25元/G丨港02丨阿里负载",
			"id" : "A79579269933D7DE9AE00B4441268ACD",
			"server" : "hk2.mogu.icu",
			"server_port" : 666,
			"server_udp_port" : 0,
			"password" : "keADJG",
			"method" : "aes-256-cfb",
			"protocol" : "auth_aes128_md5",
			"protocolparam" : "10078:QxObSQ",
			"obfs" : "http_simple",
			"obfsparam" : "0420010078.download.windowsupdate.com",
			"remarks_base64" : "MC4yNeWFgy9H5Lio5rivMDLkuKjpmL_ph4zotJ_ovb0",
			"group" : "提莫加速器",
			"enable" : true,
			"udp_over_tcp" : false
		},
		{
			"remarks" : "0.25元/G丨港03丨阿里节点",
			"id" : "BF65FBC2FFD9C8D5962278F7765A2422",
			"server" : "hk3.mogu.icu",
			"server_port" : 666,
			"server_udp_port" : 0,
			"password" : "keADJG",
			"method" : "aes-256-cfb",
			"protocol" : "auth_aes128_md5",
			"protocolparam" : "10078:QxObSQ",
			"obfs" : "http_simple",
			"obfsparam" : "0420010078.download.windowsupdate.com",
			"remarks_base64" : "MC4yNeWFgy9H5Lio5rivMDPkuKjpmL_ph4zoioLngrk",
			"group" : "提莫加速器",
			"enable" : true,
			"udp_over_tcp" : false
		},
		{
			"remarks" : "0.25元/G丨港04丨香港电讯",
			"id" : "521DBBA2377A9DCA4D93A35BEBA0CF12",
			"server" : "hk4.mogu.icu",
			"server_port" : 666,
			"server_udp_port" : 0,
			"password" : "keADJG",
			"method" : "aes-256-cfb",
			"protocol" : "auth_aes128_md5",
			"protocolparam" : "10078:QxObSQ",
			"obfs" : "http_simple",
			"obfsparam" : "0420010078.download.windowsupdate.com",
			"remarks_base64" : "MC4yNeWFgy9H5Lio5rivMDTkuKjpppnmuK_nlLXorq8",
			"group" : "提莫加速器",
			"enable" : true,
			"udp_over_tcp" : false
		},
		{
			"remarks" : "0.25元/G丨港05丨微软节点",
			"id" : "6893481588E680B01C3854AF8BBC7642",
			"server" : "hk5.mogu.icu",
			"server_port" : 666,
			"server_udp_port" : 0,
			"password" : "keADJG",
			"method" : "aes-256-cfb",
			"protocol" : "auth_aes128_md5",
			"protocolparam" : "10078:QxObSQ",
			"obfs" : "http_simple",
			"obfsparam" : "0420010078.download.windowsupdate.com",
			"remarks_base64" : "MC4yNeWFgy9H5Lio5rivMDXkuKjlvq7ova_oioLngrk",
			"group" : "提莫加速器",
			"enable" : true,
			"udp_over_tcp" : false
		},
		{
			"remarks" : "0.25元/G丨港06丨滙港电讯",
			"id" : "9B602D81209E3965348240073C68BC29",
			"server" : "hk6.mogu.icu",
			"server_port" : 666,
			"server_udp_port" : 0,
			"password" : "keADJG",
			"method" : "aes-256-cfb",
			"protocol" : "auth_aes128_md5",
			"protocolparam" : "10078:QxObSQ",
			"obfs" : "http_simple",
			"obfsparam" : "0420010078.download.windowsupdate.com",
			"remarks_base64" : "MC4yNeWFgy9H5Lio5rivMDbkuKjmu5nmuK_nlLXorq8",
			"group" : "提莫加速器",
			"enable" : true,
			"udp_over_tcp" : false
		},
		{
			"remarks" : "剩余流量：99.99% 23.82GB",
			"id" : "FED79D0BCF21A5D1EC8263F2271069D6",
			"server" : "www.google.com",
			"server_port" : 1,
			"server_udp_port" : 0,
			"password" : "breakwall",
			"method" : "chacha20",
			"protocol" : "auth_chain_a",
			"protocolparam" : "",
			"obfs" : "tls1.2_ticket_auth",
			"obfsparam" : "",
			"remarks_base64" : "5Ymp5L2Z5rWB6YeP77yaOTkuOTklIDIzLjgyR0I",
			"group" : "几鸡-学习助理",
			"enable" : true,
			"udp_over_tcp" : false
		},
		{
			"remarks" : "过期时间：2019-09-20 20:04:15",
			"id" : "A0C1A3E007F36D61F67D45AB49D00AD9",
			"server" : "www.google.com",
			"server_port" : 2,
			"server_udp_port" : 0,
			"password" : "breakwall",
			"method" : "chacha20",
			"protocol" : "auth_chain_a",
			"protocolparam" : "",
			"obfs" : "tls1.2_ticket_auth",
			"obfsparam" : "",
			"remarks_base64" : "6L-H5pyf5pe26Ze077yaMjAxOS0wOS0yMCAyMDowNDoxNQ",
			"group" : "几鸡-学习助理",
			"enable" : true,
			"udp_over_tcp" : false
		},
		{
			"remarks" : "J.主力线路 CN.台湾.G1H100i0100:584.NFHDBT-Hinet",
			"id" : "CD2D5D10F896C1DE118CE64320013A30",
			"server" : "ssr-ipv4.ji-G1H1-00-i01-584.ngcssddns.com",
			"server_port" : 584,
			"server_udp_port" : 0,
			"password" : "NGC.SS",
			"method" : "aes-256-cfb",
			"protocol" : "auth_aes128_sha1",
			"protocolparam" : "56128:RPDE4T",
			"obfs" : "http_simple",
			"obfsparam" : "ab5f756128.download.windowsupdate.com",
			"remarks_base64" : "Si7kuLvlipvnur_ot68gQ04u5Y-w5rm-LkcxSDEwMGkwMTAwOjU4NC5ORkhEQlQtSGluZXQ",
			"group" : "几鸡-学习助理",
			"enable" : true,
			"udp_over_tcp" : false
		},
		{
			"remarks" : "J.主力线路 CN.台湾.G1H100i0200:584.NFHDBT-Hinet",
			"id" : "5B4C099DDC6E47B68C8DCB76B976A230",
			"server" : "ssr-ipv4.ji-G1H1-00-i02-584.ngcssddns.com",
			"server_port" : 584,
			"server_udp_port" : 0,
			"password" : "NGC.SS",
			"method" : "aes-256-cfb",
			"protocol" : "auth_aes128_sha1",
			"protocolparam" : "56128:RPDE4T",
			"obfs" : "http_simple",
			"obfsparam" : "ab5f756128.download.windowsupdate.com",
			"remarks_base64" : "Si7kuLvlipvnur_ot68gQ04u5Y-w5rm-LkcxSDEwMGkwMjAwOjU4NC5ORkhEQlQtSGluZXQ",
			"group" : "几鸡-学习助理",
			"enable" : true,
			"udp_over_tcp" : false
		},
		{
			"remarks" : "J.主力线路 CN.台湾.G1H100i0300:584.NFHDBT-Hinet",
			"id" : "ABE24AAD4AEA2A5E7CFF2D2A74DFFDCF",
			"server" : "ssr-ipv4.ji-G1H1-00-i03-584.ngcssddns.com",
			"server_port" : 584,
			"server_udp_port" : 0,
			"password" : "NGC.SS",
			"method" : "aes-256-cfb",
			"protocol" : "auth_aes128_sha1",
			"protocolparam" : "56128:RPDE4T",
			"obfs" : "http_simple",
			"obfsparam" : "ab5f756128.download.windowsupdate.com",
			"remarks_base64" : "Si7kuLvlipvnur_ot68gQ04u5Y-w5rm-LkcxSDEwMGkwMzAwOjU4NC5ORkhEQlQtSGluZXQ",
			"group" : "几鸡-学习助理",
			"enable" : true,
			"udp_over_tcp" : false
		},
		{
			"remarks" : "J.主力线路 CN.台湾.G1H100i0400:584.NFHDBT-Hinet",
			"id" : "26C04A38C6234D0A7DF53FE0C44C701F",
			"server" : "ssr-ipv4.ji-G1H1-00-i04-584.ngcssddns.com",
			"server_port" : 584,
			"server_udp_port" : 0,
			"password" : "NGC.SS",
			"method" : "aes-256-cfb",
			"protocol" : "auth_aes128_sha1",
			"protocolparam" : "56128:RPDE4T",
			"obfs" : "http_simple",
			"obfsparam" : "ab5f756128.download.windowsupdate.com",
			"remarks_base64" : "Si7kuLvlipvnur_ot68gQ04u5Y-w5rm-LkcxSDEwMGkwNDAwOjU4NC5ORkhEQlQtSGluZXQ",
			"group" : "几鸡-学习助理",
			"enable" : true,
			"udp_over_tcp" : false
		},
		{
			"remarks" : "J.主力线路[443端口] CN.台湾.G1H100i0500:443.NFHDBT-Hinet",
			"id" : "16EC37689351E8C6916300B30FC3692D",
			"server" : "ssr-ipv4.ji-G1H1-00-i05-443.ngcssddns.com",
			"server_port" : 443,
			"server_udp_port" : 0,
			"password" : "NGC.SS",
			"method" : "aes-256-cfb",
			"protocol" : "auth_aes128_sha1",
			"protocolparam" : "56128:RPDE4T",
			"obfs" : "http_simple",
			"obfsparam" : "ab5f756128.download.windowsupdate.com",
			"remarks_base64" : "Si7kuLvlipvnur_ot69bNDQz56uv5Y-jXSBDTi7lj7Dmub4uRzFIMTAwaTA1MDA6NDQzLk5GSERCVC1IaW5ldA",
			"group" : "几鸡-学习助理",
			"enable" : true,
			"udp_over_tcp" : false
		},
		{
			"remarks" : "J.主力线路[443端口] CN.台湾.G1H100i0600:443.NFHDBT-Hinet",
			"id" : "43329913F0957940223425E0CFC379D2",
			"server" : "ssr-ipv4.ji-G1H1-00-i06-443.ngcssddns.com",
			"server_port" : 443,
			"server_udp_port" : 0,
			"password" : "NGC.SS",
			"method" : "aes-256-cfb",
			"protocol" : "auth_aes128_sha1",
			"protocolparam" : "56128:RPDE4T",
			"obfs" : "http_simple",
			"obfsparam" : "ab5f756128.download.windowsupdate.com",
			"remarks_base64" : "Si7kuLvlipvnur_ot69bNDQz56uv5Y-jXSBDTi7lj7Dmub4uRzFIMTAwaTA2MDA6NDQzLk5GSERCVC1IaW5ldA",
			"group" : "几鸡-学习助理",
			"enable" : true,
			"udp_over_tcp" : false
		},
		{
			"remarks" : "J.主力线路[443端口] CN.台湾.G1H100i0700:443.NFHDBT-Hinet",
			"id" : "ABCC742A784A17CC9B6D9BAE1C84BEDC",
			"server" : "ssr-ipv4.ji-G1H1-00-i07-443.ngcssddns.com",
			"server_port" : 443,
			"server_udp_port" : 0,
			"password" : "NGC.SS",
			"method" : "aes-256-cfb",
			"protocol" : "auth_aes128_sha1",
			"protocolparam" : "56128:RPDE4T",
			"obfs" : "http_simple",
			"obfsparam" : "ab5f756128.download.windowsupdate.com",
			"remarks_base64" : "Si7kuLvlipvnur_ot69bNDQz56uv5Y-jXSBDTi7lj7Dmub4uRzFIMTAwaTA3MDA6NDQzLk5GSERCVC1IaW5ldA",
			"group" : "几鸡-学习助理",
			"enable" : true,
			"udp_over_tcp" : false
		},
		{
			"remarks" : "J.主力线路[80端口] CN.台湾.G1H100i0800:80.NFHDBT-Hinet",
			"id" : "79746F55FC8859AE9278983946E4D446",
			"server" : "ssr-ipv4.ji-G1H1-00-i08-80.ngcssddns.com",
			"server_port" : 80,
			"server_udp_port" : 0,
			"password" : "NGC.SS",
			"method" : "aes-256-cfb",
			"protocol" : "auth_aes128_sha1",
			"protocolparam" : "56128:RPDE4T",
			"obfs" : "http_simple",
			"obfsparam" : "ab5f756128.download.windowsupdate.com",
			"remarks_base64" : "Si7kuLvlipvnur_ot69bODDnq6_lj6NdIENOLuWPsOa5vi5HMUgxMDBpMDgwMDo4MC5ORkhEQlQtSGluZXQ",
			"group" : "几鸡-学习助理",
			"enable" : true,
			"udp_over_tcp" : false
		},
		{
			"remarks" : "J.主力线路[80端口] CN.台湾.G1H100i0900:80.NFHDBT-Hinet",
			"id" : "46F282F6ECA99BB6338EE33E078C31E1",
			"server" : "ssr-ipv4.ji-G1H1-00-i09-80.ngcssddns.com",
			"server_port" : 80,
			"server_udp_port" : 0,
			"password" : "NGC.SS",
			"method" : "aes-256-cfb",
			"protocol" : "auth_aes128_sha1",
			"protocolparam" : "56128:RPDE4T",
			"obfs" : "http_simple",
			"obfsparam" : "ab5f756128.download.windowsupdate.com",
			"remarks_base64" : "Si7kuLvlipvnur_ot69bODDnq6_lj6NdIENOLuWPsOa5vi5HMUgxMDBpMDkwMDo4MC5ORkhEQlQtSGluZXQ",
			"group" : "几鸡-学习助理",
			"enable" : true,
			"udp_over_tcp" : false
		},
		{
			"remarks" : "J.主力线路[80端口] CN.台湾.G1H100i1000:80.NFHDBT-Hinet",
			"id" : "2653FE772868A709646C927618B706B6",
			"server" : "ssr-ipv4.ji-G1H1-00-i10-80.ngcssddns.com",
			"server_port" : 80,
			"server_udp_port" : 0,
			"password" : "NGC.SS",
			"method" : "aes-256-cfb",
			"protocol" : "auth_aes128_sha1",
			"protocolparam" : "56128:RPDE4T",
			"obfs" : "http_simple",
			"obfsparam" : "ab5f756128.download.windowsupdate.com",
			"remarks_base64" : "Si7kuLvlipvnur_ot69bODDnq6_lj6NdIENOLuWPsOa5vi5HMUgxMDBpMTAwMDo4MC5ORkhEQlQtSGluZXQ",
			"group" : "几鸡-学习助理",
			"enable" : true,
			"udp_over_tcp" : false
		},
		{
			"remarks" : "美国1-ssrpub.ml",
			"id" : "D1562B40CCF27836AF87F6CB25F68168",
			"server" : "nd.us1.ssrpub.ml",
			"server_port" : 49495,
			"server_udp_port" : 0,
			"password" : "jq4uBT",
			"method" : "chacha20",
			"protocol" : "auth_sha1_v4",
			"protocolparam" : "",
			"obfs" : "http_simple",
			"obfsparam" : "jd.hk",
			"remarks_base64" : "576O5Zu9MS1zc3JwdWIubWw",
			"group" : "少数人公益站",
			"enable" : true,
			"udp_over_tcp" : false
		},
		{
			"remarks" : "美国2-ssrpub.ml",
			"id" : "28D581671C0F6D897D7502D5CD2A03D1",
			"server" : "nd.us2.ssrpub.ml",
			"server_port" : 49495,
			"server_udp_port" : 0,
			"password" : "jq4uBT",
			"method" : "chacha20",
			"protocol" : "auth_sha1_v4",
			"protocolparam" : "",
			"obfs" : "http_simple",
			"obfsparam" : "jd.hk",
			"remarks_base64" : "576O5Zu9Mi1zc3JwdWIubWw",
			"group" : "少数人公益站",
			"enable" : true,
			"udp_over_tcp" : false
		},
		{
			"remarks" : "美国3-ssrpub.ml",
			"id" : "7299C919376DBF93279B89D279E9F6EC",
			"server" : "nd.us3.ssrpub.ml",
			"server_port" : 49495,
			"server_udp_port" : 0,
			"password" : "jq4uBT",
			"method" : "chacha20",
			"protocol" : "auth_sha1_v4",
			"protocolparam" : "",
			"obfs" : "http_simple",
			"obfsparam" : "jd.hk",
			"remarks_base64" : "576O5Zu9My1zc3JwdWIubWw",
			"group" : "少数人公益站",
			"enable" : true,
			"udp_over_tcp" : false
		},
		{
			"remarks" : "俄罗斯1-ssrpub.ml",
			"id" : "59204BA172F3FF40AA3DFEE772B0887C",
			"server" : "nd.ru1.ssrpub.ml",
			"server_port" : 49495,
			"server_udp_port" : 0,
			"password" : "jq4uBT",
			"method" : "chacha20",
			"protocol" : "auth_sha1_v4",
			"protocolparam" : "",
			"obfs" : "http_simple",
			"obfsparam" : "jd.hk",
			"remarks_base64" : "5L-E572X5pavMS1zc3JwdWIubWw",
			"group" : "少数人公益站",
			"enable" : true,
			"udp_over_tcp" : false
		},
		{
			"remarks" : "俄罗斯2-ssrpub.ml",
			"id" : "24FFBCEBD877B4757BDFFFAEA89060EA",
			"server" : "nd.ru2.ssrpub.ml",
			"server_port" : 49495,
			"server_udp_port" : 0,
			"password" : "jq4uBT",
			"method" : "chacha20",
			"protocol" : "auth_sha1_v4",
			"protocolparam" : "",
			"obfs" : "http_simple",
			"obfsparam" : "jd.hk",
			"remarks_base64" : "5L-E572X5pavMi1zc3JwdWIubWw",
			"group" : "少数人公益站",
			"enable" : true,
			"udp_over_tcp" : false
		},
		{
			"remarks" : "俄罗斯3-ssrpub.ml",
			"id" : "8F3995F621E05C7F9E0D79E56C04EB5C",
			"server" : "nd.ru3.ssrpub.ml",
			"server_port" : 49495,
			"server_udp_port" : 0,
			"password" : "jq4uBT",
			"method" : "chacha20",
			"protocol" : "auth_sha1_v4",
			"protocolparam" : "",
			"obfs" : "http_simple",
			"obfsparam" : "",
			"remarks_base64" : "5L-E572X5pavMy1zc3JwdWIubWw",
			"group" : "少数人公益站",
			"enable" : true,
			"udp_over_tcp" : false
		}
	],
	"index" : 15,
	"random" : false,
	"sysProxyMode" : 3,
	"shareOverLan" : true,
	"localPort" : 1080,
	"localAuthPassword" : "zpQK0Inm3pPOjgqAWUG6",
	"dnsServer" : "",
	"reconnectTimes" : 2,
	"randomAlgorithm" : 3,
	"randomInGroup" : false,
	"TTL" : 0,
	"connectTimeout" : 5,
	"proxyRuleMode" : 2,
	"proxyEnable" : false,
	"pacDirectGoProxy" : false,
	"proxyType" : 0,
	"proxyHost" : "",
	"proxyPort" : 0,
	"proxyAuthUser" : "",
	"proxyAuthPass" : "",
	"proxyUserAgent" : "",
	"authUser" : "",
	"authPass" : "",
	"autoBan" : false,
	"sameHostForSameTarget" : false,
	"keepVisitTime" : 180,
	"isHideTips" : false,
	"nodeFeedAutoUpdate" : false,
	"serverSubscribes" : [
		{
			"URL" : "https://njssrhost.top/link/rlySgsD2AIyzHEJB",
			"Group" : "NJSSRHOST"
		},
		{
			"URL" : "https://z2o.fun/link/FI4wQg ",
			"Group" : "提莫加速器"
		},
		{
			"URL" : "https://jiji.pw/link/LoNjH44ARJPruxEB",
			"Group" : "几鸡-学习助理"
		},
		{
			"URL" : "https://ssrpub.ml/s/zZi4x",
			"Group" : "少数人公益站"
		}
	],
	"token" : {

	},
	"portMap" : {

	}
}