{
	"ijj1.xn--9kq677j3ki.app" : {
		"totalUploadBytes" : 4607669,
		"totalDownloadBytes" : 122013539
	},
	"89.31.126.109" : {
		"totalUploadBytes" : 5773955,
		"totalDownloadBytes" : 244189928
	},
	"lb_ru.xn--9kq677j3ki.app" : {
		"totalUploadBytes" : 7428589,
		"totalDownloadBytes" : 110610300
	},
	"hkt.xn--9kq677j3ki.app" : {
		"totalUploadBytes" : 7280991,
		"totalDownloadBytes" : 234076953
	},
	"185.199.225.93" : {
		"totalUploadBytes" : 4481247,
		"totalDownloadBytes" : 113384540
	},
	"ddns_flb.xn--9kq677j3ki.app" : {
		"totalUploadBytes" : 4669992,
		"totalDownloadBytes" : 69318207
	},
	"paris.xn--9kq677j3ki.app" : {
		"totalUploadBytes" : 6864668,
		"totalDownloadBytes" : 373502719
	},
	"us.xn--9kq677j3ki.app" : {
		"totalUploadBytes" : 7167594,
		"totalDownloadBytes" : 316657304
	},
	"flbb.xn--9kq677j3ki.app" : {
		"totalUploadBytes" : 836173,
		"totalDownloadBytes" : 12964877
	},
	"185.141.207.48" : {
		"totalUploadBytes" : 600993,
		"totalDownloadBytes" : 3901337
	},
	"hktxy.xn--9kq677j3ki.app" : {
		"totalUploadBytes" : 889838,
		"totalDownloadBytes" : 10852755
	},
	"jp-gmo-a.xn--9kq677j3ki.app" : {
		"totalUploadBytes" : 702468,
		"totalDownloadBytes" : 3844267
	},
	"120.78.251.201" : {
		"totalUploadBytes" : 2455643,
		"totalDownloadBytes" : 554343147
	},
	"149.129.84.214" : {
		"totalUploadBytes" : 555821,
		"totalDownloadBytes" : 2746954
	},
	"hkt1.xn--9kq677j3ki.app" : {
		"totalUploadBytes" : 440647,
		"totalDownloadBytes" : 2195454
	},
	"idcf-a.xn--9kq677j3ki.app" : {
		"totalUploadBytes" : 556835,
		"totalDownloadBytes" : 5661762
	},
	"hktsa-ddns.lhie1.com" : {
		"totalUploadBytes" : 667323,
		"totalDownloadBytes" : 4413360
	},
	"bolan.liangchen.icu" : {
		"totalUploadBytes" : 362061,
		"totalDownloadBytes" : 2962388
	},
	"119.28.51.99" : {
		"totalUploadBytes" : 705060,
		"totalDownloadBytes" : 2795528
	},
	"onevps-sgp.xn--9kq677j3ki.app" : {
		"totalUploadBytes" : 504281,
		"totalDownloadBytes" : 4520984
	},
	"47.107.247.136" : {
		"totalUploadBytes" : 895943,
		"totalDownloadBytes" : 20360160
	},
	"jp-gmo-b.xn--9kq677j3ki.app" : {
		"totalUploadBytes" : 568668,
		"totalDownloadBytes" : 3032306
	},
	"47.107.59.235" : {
		"totalUploadBytes" : 667564,
		"totalDownloadBytes" : 3527331
	},
	"hkt-f.xn--9kq677j3ki.app" : {
		"totalUploadBytes" : 565094,
		"totalDownloadBytes" : 12176979
	},
	"hkt-d.xn--9kq677j3ki.app" : {
		"totalUploadBytes" : 734126,
		"totalDownloadBytes" : 4553235
	},
	"jp-idfc.ssteam.me" : {
		"totalUploadBytes" : 533021,
		"totalDownloadBytes" : 2811868
	},
	"hkt1000.xn--9kq677j3ki.app" : {
		"totalUploadBytes" : 961227,
		"totalDownloadBytes" : 13539624
	},
	"hkt-c.xn--9kq677j3ki.app" : {
		"totalUploadBytes" : 648839,
		"totalDownloadBytes" : 6041094
	},
	"103.129.197.114" : {
		"totalUploadBytes" : 93262,
		"totalDownloadBytes" : 107244
	},
	"hg5.ssteam.me" : {
		"totalUploadBytes" : 355167,
		"totalDownloadBytes" : 1524899
	},
	"103.125.248.211" : {
		"totalUploadBytes" : 2217751,
		"totalDownloadBytes" : 27955571
	},
	"bbtec.xn--9kq677j3ki.app" : {
		"totalUploadBytes" : 1684794,
		"totalDownloadBytes" : 104026077
	},
	"81.90.189.41" : {
		"totalUploadBytes" : 1150815,
		"totalDownloadBytes" : 496893930
	},
	"ru2.xn--9kq677j3ki.app" : {
		"totalUploadBytes" : 1179607,
		"totalDownloadBytes" : 44929188
	},
	"usssh2.ssteam.me" : {
		"totalUploadBytes" : 636345,
		"totalDownloadBytes" : 346234276
	},
	"one.liangchencloud.xyz" : {
		"totalUploadBytes" : 1440994,
		"totalDownloadBytes" : 75006352
	},
	"hinet774.taoliuzi.com" : {
		"totalUploadBytes" : 10507,
		"totalDownloadBytes" : 17607
	},
	"218.253.254.50" : {
		"totalUploadBytes" : 6525,
		"totalDownloadBytes" : 12777
	},
	"hinet600c.ssteam.me" : {
		"totalUploadBytes" : 7988,
		"totalDownloadBytes" : 28607
	},
	"hinet-d.ssteam.me" : {
		"totalUploadBytes" : 7558,
		"totalDownloadBytes" : 40686
	},
	"hinet600b.ssteam.me" : {
		"totalUploadBytes" : 9031,
		"totalDownloadBytes" : 16726
	},
	"hulu.ssteam.me" : {
		"totalUploadBytes" : 12586,
		"totalDownloadBytes" : 38827
	},
	"hinet600a.ssteam.me" : {
		"totalUploadBytes" : 10858,
		"totalDownloadBytes" : 35935
	},
	"netflix.ssteam.me" : {
		"totalUploadBytes" : 18013,
		"totalDownloadBytes" : 254606
	},
	"hinet562.taoliuzi.com" : {
		"totalUploadBytes" : 12833,
		"totalDownloadBytes" : 133015
	},
	"hinet625.taoliuzi.com" : {
		"totalUploadBytes" : 14179,
		"totalDownloadBytes" : 36935
	},
	"giacn2.liangchencloud.xyz" : {
		"totalUploadBytes" : 3795,
		"totalDownloadBytes" : 68249
	},
	"cn-hu.biubiubiu.art" : {
		"totalUploadBytes" : 540982,
		"totalDownloadBytes" : 4886535
	},
	"nhn.liangchencloud.xyz" : {
		"totalUploadBytes" : 311284,
		"totalDownloadBytes" : 9822446
	},
	"usa.1ss.bid" : {
		"totalUploadBytes" : 1310236,
		"totalDownloadBytes" : 73261436
	},
	"usb.1ss.bid" : {
		"totalUploadBytes" : 1467230,
		"totalDownloadBytes" : 89321891
	},
	"usc.1ss.bid" : {
		"totalUploadBytes" : 10256,
		"totalDownloadBytes" : 50980
	},
	"usf.1ss.bid" : {
		"totalUploadBytes" : 443648,
		"totalDownloadBytes" : 179236977
	},
	"comn.us3.kxsw.xyz" : {
		"totalUploadBytes" : 1558386,
		"totalDownloadBytes" : 16335984
	},
	"comn.us1.kxsw.xyz" : {
		"totalUploadBytes" : 5240188,
		"totalDownloadBytes" : 344143994
	},
	"comn.us2.kxsw.xyz" : {
		"totalUploadBytes" : 4528330,
		"totalDownloadBytes" : 131348812
	},
	"usd.1ss.bid" : {
		"totalUploadBytes" : 859621,
		"totalDownloadBytes" : 10330617
	},
	"comn.ru1.kxsw.xyz" : {
		"totalUploadBytes" : 707624,
		"totalDownloadBytes" : 8090979
	},
	"nd.us1.ssrpub.ml" : {
		"totalUploadBytes" : 193353851,
		"totalDownloadBytes" : 7893598818
	},
	"306.node.991991.xyz" : {
		"totalUploadBytes" : 8829236,
		"totalDownloadBytes" : 594530378
	},
	"302.node.991991.xyz" : {
		"totalUploadBytes" : 258881,
		"totalDownloadBytes" : 1387238
	},
	"21.node.991991.xyz" : {
		"totalUploadBytes" : 550424,
		"totalDownloadBytes" : 1519879
	},
	"95.179.215.210" : {
		"totalUploadBytes" : 34847598,
		"totalDownloadBytes" : 1240110974
	},
	"155.138.245.94" : {
		"totalUploadBytes" : 61700,
		"totalDownloadBytes" : 86290
	},
	"149.28.175.248" : {
		"totalUploadBytes" : 14640,
		"totalDownloadBytes" : 26279
	},
	"a.isxb.top" : {
		"totalUploadBytes" : 871600,
		"totalDownloadBytes" : 7386749
	},
	"307.node.991991.xyz" : {
		"totalUploadBytes" : 69114,
		"totalDownloadBytes" : 5808
	},
	"213.190.20.131" : {
		"totalUploadBytes" : 3510658,
		"totalDownloadBytes" : 284142365
	},
	"69.36.182.52" : {
		"totalUploadBytes" : 279625,
		"totalDownloadBytes" : 33652119
	},
	"chengdu-china-proxy2.darren-lee.net" : {
		"totalUploadBytes" : 85228,
		"totalDownloadBytes" : 1282180
	},
	"104.167.97.164" : {
		"totalUploadBytes" : 1961479,
		"totalDownloadBytes" : 20152608
	},
	"66.175.223.22" : {
		"totalUploadBytes" : 788001,
		"totalDownloadBytes" : 6757075
	},
	"192.240.99.182" : {
		"totalUploadBytes" : 3744,
		"totalDownloadBytes" : 163386
	},
	"68.183.237.5" : {
		"totalUploadBytes" : 64641,
		"totalDownloadBytes" : 188780
	},
	"nd.us2.ssrpub.ml" : {
		"totalUploadBytes" : 1508622,
		"totalDownloadBytes" : 49875274
	},
	"156.236.118.158" : {
		"totalUploadBytes" : 1356039,
		"totalDownloadBytes" : 113081589
	},
	"use.1ss.bid" : {
		"totalUploadBytes" : 4546,
		"totalDownloadBytes" : 0
	},
	"nd.ru1.ssrpub.ml" : {
		"totalUploadBytes" : 2966301,
		"totalDownloadBytes" : 134326987
	},
	"45.33.32.152" : {
		"totalUploadBytes" : 712198,
		"totalDownloadBytes" : 20692950
	},
	"198.255.103.62" : {
		"totalUploadBytes" : 1136450,
		"totalDownloadBytes" : 48236812
	},
	"209.141.58.166" : {
		"totalUploadBytes" : 60988,
		"totalDownloadBytes" : 3750950
	},
	"45.76.222.9" : {
		"totalUploadBytes" : 18011,
		"totalDownloadBytes" : 54494
	},
	"199.223.119.83" : {
		"totalUploadBytes" : 101089,
		"totalDownloadBytes" : 23243680
	},
	"209.250.225.223" : {
		"totalUploadBytes" : 3032892,
		"totalDownloadBytes" : 293387956
	},
	"45.76.44.27" : {
		"totalUploadBytes" : 2448972,
		"totalDownloadBytes" : 276195074
	},
	"45.77.63.163" : {
		"totalUploadBytes" : 281817,
		"totalDownloadBytes" : 10448879
	},
	"78.141.218.75" : {
		"totalUploadBytes" : 11030190,
		"totalDownloadBytes" : 1279019678
	},
	"207.148.13.50" : {
		"totalUploadBytes" : 4228192,
		"totalDownloadBytes" : 390643302
	},
	"tw3.subscribed.xyz" : {
		"totalUploadBytes" : 7399019,
		"totalDownloadBytes" : 123972817
	},
	"178.128.213.58" : {
		"totalUploadBytes" : 3534547,
		"totalDownloadBytes" : 34579955
	},
	"68.183.231.180" : {
		"totalUploadBytes" : 939809,
		"totalDownloadBytes" : 25041726
	},
	"139.162.25.148" : {
		"totalUploadBytes" : 96842,
		"totalDownloadBytes" : 1223586
	},
	"tw2.mogu.icu" : {
		"totalUploadBytes" : 1795,
		"totalDownloadBytes" : 1061
	},
	"hk10.mogu.icu" : {
		"totalUploadBytes" : 69872117,
		"totalDownloadBytes" : 5598978333
	},
	"ssr-ipv4.ji-G1H1-00-i01-584.ngcssddns.com" : {
		"totalUploadBytes" : 3016,
		"totalDownloadBytes" : 0
	},
	"ssr-ipv4.ji-G1H1-00-i07-443.ngcssddns.com" : {
		"totalUploadBytes" : 68566,
		"totalDownloadBytes" : 2879738
	},
	"tw4.mogu.icu" : {
		"totalUploadBytes" : 64137,
		"totalDownloadBytes" : 113602
	},
	"hk1.mogu.icu" : {
		"totalUploadBytes" : 58156875,
		"totalDownloadBytes" : 2400374123
	},
	"ssr-ipv4.ji-G1H1-00-i02-584.ngcssddns.com" : {
		"totalUploadBytes" : 1979,
		"totalDownloadBytes" : 0
	},
	"tw5.mogu.icu" : {
		"totalUploadBytes" : 22438,
		"totalDownloadBytes" : 19570
	},
	"hk4.mogu.icu" : {
		"totalUploadBytes" : 21886778,
		"totalDownloadBytes" : 1819242052
	},
	"hk5.mogu.icu" : {
		"totalUploadBytes" : 13862240,
		"totalDownloadBytes" : 482334153
	},
	"hk3.mogu.icu" : {
		"totalUploadBytes" : 12228702,
		"totalDownloadBytes" : 214475082
	},
	"a.freess.wtf" : {
		"totalUploadBytes" : 288057,
		"totalDownloadBytes" : 6268293
	},
	"ssr-ipv4.ji-G1H1-00-i04-584.ngcssddns.com" : {
		"totalUploadBytes" : 1288152,
		"totalDownloadBytes" : 10562058
	},
	"sg1.mogu.icu" : {
		"totalUploadBytes" : 104948236,
		"totalDownloadBytes" : 1408330142
	},
	"hkthm13.zerocnw.win" : {
		"totalUploadBytes" : 484757,
		"totalDownloadBytes" : 37860341
	},
	"hkthm04.zerocnw.win" : {
		"totalUploadBytes" : 10933764,
		"totalDownloadBytes" : 536874974
	},
	"210.207.202.124" : {
		"totalUploadBytes" : 137516,
		"totalDownloadBytes" : 17206727
	},
	"us5.zerocnw.win" : {
		"totalUploadBytes" : 684196,
		"totalDownloadBytes" : 252658824
	},
	"hinet.flycc.xyz" : {
		"totalUploadBytes" : 83677,
		"totalDownloadBytes" : 1334872
	},
	"tw02.zerocnw.win" : {
		"totalUploadBytes" : 872143,
		"totalDownloadBytes" : 59908896
	}
}